{"cameraMode":{"drawMode":0,"name":"Shaded","section":"Shading Mode"},"sceneLighting":false,"audioPlay":false,"sceneViewState":{"showFog":true,"showMaterialUpdate":false,"showSkybox":false,"showFlares":true,"showImageEffects":true,"showParticleSystems":true},"in2DMode":false,"pivot":{"x":-0.2259780317544937,"y":-0.146148681640625,"z":-0.6258764266967773},"rotation":{"x":-0.010511376895010472,"y":0.9834896922111511,"z":-0.1701488345861435,"w":-0.06075739860534668},"size":2.3617329597473146,"orthographic":false}