{"cameraMode":{"drawMode":0,"name":"Shaded","section":"Shading Mode"},"sceneLighting":false,"audioPlay":false,"sceneViewState":{"showFog":true,"showMaterialUpdate":false,"showSkybox":false,"showFlares":true,"showImageEffects":true,"showParticleSystems":true},"in2DMode":false,"pivot":{"x":-0.025000005960464479,"y":-0.1274999976158142,"z":0.12549999356269837},"rotation":{"x":-0.0000315893666993361,"y":0.9873396158218384,"z":-0.15863698720932008,"w":-0.00019645995052997023},"size":2.017974853515625,"orthographic":false}