{"cameraMode":{"drawMode":0,"name":"Shaded","section":"Shading Mode"},"sceneLighting":false,"audioPlay":false,"sceneViewState":{"showFog":true,"showMaterialUpdate":false,"showSkybox":false,"showFlares":true,"showImageEffects":true,"showParticleSystems":true},"in2DMode":false,"pivot":{"x":0.007812559604644776,"y":0.34375,"z":0.0234375},"rotation":{"x":0.05655008554458618,"y":0.9411816000938416,"z":-0.19943490624427796,"w":0.26687559485435488},"size":1.7601250410079957,"orthographic":false}