{"cameraMode":{"drawMode":0,"name":"Shaded","section":"Shading Mode"},"sceneLighting":true,"audioPlay":false,"sceneViewState":{"showFog":true,"showMaterialUpdate":false,"showSkybox":true,"showFlares":true,"showImageEffects":true,"showParticleSystems":true},"in2DMode":false,"pivot":{"x":31.033187866210939,"y":-1.2215209007263184,"z":4.9458160400390629},"rotation":{"x":0.21179106831550599,"y":0.5745226144790649,"z":-0.15703842043876649,"w":0.7748843431472778},"size":7.003394603729248,"orthographic":false}