{"cameraMode":{"drawMode":0,"name":"Shaded","section":"Shading Mode"},"sceneLighting":true,"audioPlay":false,"sceneViewState":{"showFog":true,"showMaterialUpdate":false,"showSkybox":true,"showFlares":true,"showImageEffects":true,"showParticleSystems":true},"in2DMode":false,"pivot":{"x":27.256444931030275,"y":0.13939672708511353,"z":-10.07609748840332},"rotation":{"x":0.028019927442073823,"y":0.9282028675079346,"z":-0.07143548130989075,"w":0.3640805184841156},"size":10.0,"orthographic":false}