{"cameraMode":{"drawMode":0,"name":"Shaded","section":"Shading Mode"},"sceneLighting":false,"audioPlay":false,"sceneViewState":{"showFog":true,"showMaterialUpdate":false,"showSkybox":false,"showFlares":true,"showImageEffects":true,"showParticleSystems":true},"in2DMode":false,"pivot":{"x":-0.32572102546691897,"y":-0.37924742698669436,"z":-0.20568016171455384},"rotation":{"x":-0.041391342878341678,"y":-0.9590616226196289,"z":0.19568002223968507,"w":-0.20186235010623933},"size":2.531100273132324,"orthographic":false}