{"cameraMode":{"drawMode":0,"name":"Shaded","section":"Shading Mode"},"sceneLighting":false,"audioPlay":false,"sceneViewState":{"showFog":true,"showMaterialUpdate":false,"showSkybox":false,"showFlares":true,"showImageEffects":true,"showParticleSystems":true},"in2DMode":false,"pivot":{"x":-0.1509450376033783,"y":-0.11656293272972107,"z":-1.2111773490905762},"rotation":{"x":0.00062658911338076,"y":-0.9964174032211304,"z":0.08722317963838577,"w":0.009995401836931706},"size":2.4275503158569338,"orthographic":false}