{"cameraMode":{"drawMode":0,"name":"Shaded","section":"Shading Mode"},"sceneLighting":false,"audioPlay":false,"sceneViewState":{"showFog":true,"showMaterialUpdate":false,"showSkybox":false,"showFlares":true,"showImageEffects":true,"showParticleSystems":true},"in2DMode":false,"pivot":{"x":-60.446136474609378,"y":4.578596115112305,"z":33.95769500732422},"rotation":{"x":0.016269328072667123,"y":-0.47736498713493349,"z":0.00841101910918951,"w":0.8786874413490295},"size":62.270240783691409,"orthographic":false}