{"cameraMode":{"drawMode":0,"name":"Shaded","section":"Shading Mode"},"sceneLighting":false,"audioPlay":false,"sceneViewState":{"showFog":true,"showMaterialUpdate":false,"showSkybox":false,"showFlares":true,"showImageEffects":true,"showParticleSystems":true},"in2DMode":false,"pivot":{"x":0.06924980878829956,"y":1.3829374313354493,"z":0.07799999415874481},"rotation":{"x":0.08422786742448807,"y":-0.6359221935272217,"z":0.07011360675096512,"w":0.7639584541320801},"size":0.6550991535186768,"orthographic":false}