{"cameraMode":{"drawMode":0,"name":"Shaded","section":"Shading Mode"},"sceneLighting":false,"audioPlay":false,"sceneViewState":{"showFog":true,"showMaterialUpdate":false,"showSkybox":false,"showFlares":true,"showImageEffects":true,"showParticleSystems":true},"in2DMode":false,"pivot":{"x":-0.6926846504211426,"y":1.4803775548934937,"z":-0.2330918312072754},"rotation":{"x":-0.09767419099807739,"y":-0.7496389150619507,"z":0.11352567374706269,"w":-0.6448575258255005},"size":2.4562933444976808,"orthographic":false}