{"cameraMode":{"drawMode":0,"name":"Shaded","section":"Shading Mode"},"sceneLighting":true,"audioPlay":false,"sceneViewState":{"showFog":true,"showMaterialUpdate":false,"showSkybox":true,"showFlares":true,"showImageEffects":true,"showParticleSystems":true},"in2DMode":false,"pivot":{"x":16.27888298034668,"y":-0.0780785083770752,"z":-4.564078330993652},"rotation":{"x":0.06105312705039978,"y":-0.9127237796783447,"z":0.1480569690465927,"w":0.3764636516571045},"size":2.4435410499572756,"orthographic":false}