{"cameraMode":{"drawMode":0,"name":"Shaded","section":"Shading Mode"},"sceneLighting":false,"audioPlay":false,"sceneViewState":{"showFog":true,"showMaterialUpdate":false,"showSkybox":false,"showFlares":true,"showImageEffects":true,"showParticleSystems":true},"in2DMode":false,"pivot":{"x":2.384185791015625e-7,"y":1.1686967611312867,"z":-1.7881393432617188e-7},"rotation":{"x":0.003389132907614112,"y":0.9817659258842468,"z":-0.189636692404747,"w":0.017451371997594835},"size":7.318206787109375,"orthographic":false}