{"cameraMode":{"drawMode":0,"name":"Shaded","section":"Shading Mode"},"sceneLighting":false,"audioPlay":false,"sceneViewState":{"showFog":true,"showMaterialUpdate":false,"showSkybox":false,"showFlares":true,"showImageEffects":true,"showParticleSystems":true},"in2DMode":false,"pivot":{"x":24.33015251159668,"y":-0.3272731304168701,"z":-9.57845687866211},"rotation":{"x":0.017120521515607835,"y":0.9850320816040039,"z":-0.13837285339832307,"w":0.10549384355545044},"size":7.19447660446167,"orthographic":false}