{"cameraMode":{"drawMode":0,"name":"Shaded","section":"Shading Mode"},"sceneLighting":true,"audioPlay":false,"sceneViewState":{"showFog":true,"showMaterialUpdate":false,"showSkybox":true,"showFlares":true,"showImageEffects":true,"showParticleSystems":true},"in2DMode":false,"pivot":{"x":3.415524482727051,"y":-3.9470603466033937,"z":-1.4012486934661866},"rotation":{"x":-0.6711305379867554,"y":-0.09535469114780426,"z":0.7318333387374878,"w":-0.07902511954307556},"size":16.403060913085939,"orthographic":false}