{"cameraMode":{"drawMode":0,"name":"Shaded","section":"Shading Mode"},"sceneLighting":false,"audioPlay":false,"sceneViewState":{"showFog":true,"showMaterialUpdate":false,"showSkybox":false,"showFlares":true,"showImageEffects":true,"showParticleSystems":true},"in2DMode":false,"pivot":{"x":-0.004406107123941183,"y":-0.5454990863800049,"z":-1.3070727586746216},"rotation":{"x":-0.0009442731970921159,"y":0.9959404468536377,"z":-0.09018807113170624,"w":-0.010681494139134884},"size":2.531100273132324,"orthographic":false}