{"cameraMode":{"drawMode":0,"name":"Shaded","section":"Shading Mode"},"sceneLighting":false,"audioPlay":false,"sceneViewState":{"showFog":true,"showMaterialUpdate":false,"showSkybox":false,"showFlares":true,"showImageEffects":true,"showParticleSystems":true},"in2DMode":false,"pivot":{"x":-16.25166130065918,"y":1.6459378004074097,"z":-3.6972579956054689},"rotation":{"x":-0.02659146673977375,"y":0.9734806418418884,"z":-0.1564149707555771,"w":-0.16561847925186158},"size":10.062787055969239,"orthographic":false}