{"cameraMode":{"drawMode":0,"name":"Shaded","section":"Shading Mode"},"sceneLighting":false,"audioPlay":false,"sceneViewState":{"showFog":true,"showMaterialUpdate":false,"showSkybox":false,"showFlares":true,"showImageEffects":true,"showParticleSystems":true},"in2DMode":false,"pivot":{"x":-21.229999542236329,"y":1.3570282459259034,"z":2.270503044128418},"rotation":{"x":-0.02659146673977375,"y":0.9734806418418884,"z":-0.1564149707555771,"w":-0.16561847925186158},"size":11.038256645202637,"orthographic":false}