{"cameraMode":{"drawMode":0,"name":"Shaded","section":"Shading Mode"},"sceneLighting":false,"audioPlay":false,"sceneViewState":{"showFog":true,"showMaterialUpdate":false,"showSkybox":false,"showFlares":true,"showImageEffects":true,"showParticleSystems":true},"in2DMode":false,"pivot":{"x":6.690000057220459,"y":1.087615728378296,"z":-9.550000190734864},"rotation":{"x":-0.02659146673977375,"y":0.9734806418418884,"z":-0.1564149707555771,"w":-0.16561847925186158},"size":12.502516746520996,"orthographic":false}