{"cameraMode":{"drawMode":0,"name":"Shaded","section":"Shading Mode"},"sceneLighting":false,"audioPlay":false,"sceneViewState":{"showFog":true,"showMaterialUpdate":false,"showSkybox":false,"showFlares":true,"showImageEffects":true,"showParticleSystems":true},"in2DMode":false,"pivot":{"x":-5.559999942779541,"y":0.5641153454780579,"z":9.229999542236329},"rotation":{"x":0.09516934305429459,"y":-0.8941015601158142,"z":0.22767727077007295,"w":0.37408488988876345},"size":6.680459499359131,"orthographic":false}