{"cameraMode":{"drawMode":0,"name":"Shaded","section":"Shading Mode"},"sceneLighting":false,"audioPlay":false,"sceneViewState":{"showFog":true,"showMaterialUpdate":false,"showSkybox":false,"showFlares":true,"showImageEffects":true,"showParticleSystems":true},"in2DMode":false,"pivot":{"x":-8.720000267028809,"y":1.86615788936615,"z":10.284343719482422},"rotation":{"x":-0.02659146673977375,"y":0.9734806418418884,"z":-0.1564149707555771,"w":-0.16561847925186158},"size":5.3151021003723148,"orthographic":false}