{"cameraMode":{"drawMode":0,"name":"Shaded","section":"Shading Mode"},"sceneLighting":false,"audioPlay":false,"sceneViewState":{"showFog":true,"showMaterialUpdate":false,"showSkybox":false,"showFlares":true,"showImageEffects":true,"showParticleSystems":true},"in2DMode":false,"pivot":{"x":16.110000610351564,"y":2.401012897491455,"z":7.504909038543701},"rotation":{"x":-0.02659146673977375,"y":0.9734806418418884,"z":-0.1564149707555771,"w":-0.16561847925186158},"size":9.10154914855957,"orthographic":false}