{"cameraMode":{"drawMode":0,"name":"Shaded","section":"Shading Mode"},"sceneLighting":false,"audioPlay":false,"sceneViewState":{"showFog":true,"showMaterialUpdate":false,"showSkybox":false,"showFlares":true,"showImageEffects":true,"showParticleSystems":true},"in2DMode":false,"pivot":{"x":5.480999946594238,"y":1.259720802307129,"z":-2.0440609455108644},"rotation":{"x":0.09516934305429459,"y":-0.8941015601158142,"z":0.22767727077007295,"w":0.37408488988876345},"size":5.54506778717041,"orthographic":false}