{"cameraMode":{"drawMode":0,"name":"Shaded","section":"Shading Mode"},"sceneLighting":false,"audioPlay":false,"sceneViewState":{"showFog":true,"showMaterialUpdate":false,"showSkybox":false,"showFlares":true,"showImageEffects":true,"showParticleSystems":true},"in2DMode":false,"pivot":{"x":0.0937809944152832,"y":1.7453408241271973,"z":-1.1081255674362183},"rotation":{"x":0.06082783639431,"y":0.7556491494178772,"z":-0.07059474289417267,"w":0.6484695076942444},"size":5.14523458480835,"orthographic":false}