{"cameraMode":{"drawMode":0,"name":"Shaded","section":"Shading Mode"},"sceneLighting":false,"audioPlay":false,"sceneViewState":{"showFog":true,"showMaterialUpdate":false,"showSkybox":false,"showFlares":true,"showImageEffects":true,"showParticleSystems":true},"in2DMode":false,"pivot":{"x":-5.46999979019165,"y":0.5493744611740112,"z":7.150000095367432},"rotation":{"x":0.09516934305429459,"y":-0.8941015601158142,"z":0.22767727077007295,"w":0.37408488988876345},"size":6.498138904571533,"orthographic":false}