{"cameraMode":{"drawMode":0,"name":"Shaded","section":"Shading Mode"},"sceneLighting":false,"audioPlay":false,"sceneViewState":{"showFog":true,"showMaterialUpdate":false,"showSkybox":false,"showFlares":true,"showImageEffects":true,"showParticleSystems":true},"in2DMode":false,"pivot":{"x":-0.38984012603759768,"y":1.9701824188232422,"z":-1.9760000705718995},"rotation":{"x":0.09516934305429459,"y":-0.8941015601158142,"z":0.22767727077007295,"w":0.37408488988876345},"size":7.311769962310791,"orthographic":false}