{"cameraMode":{"drawMode":0,"name":"Shaded","section":"Shading Mode"},"sceneLighting":false,"audioPlay":false,"sceneViewState":{"showFog":true,"showMaterialUpdate":false,"showSkybox":false,"showFlares":true,"showImageEffects":true,"showParticleSystems":true},"in2DMode":false,"pivot":{"x":23.510229110717775,"y":1.4647047519683838,"z":-5.344389915466309},"rotation":{"x":-0.013830293901264668,"y":-0.9745926856994629,"z":0.21476446092128755,"w":-0.06264912337064743},"size":1.9041669368743897,"orthographic":false}