{"cameraMode":{"drawMode":0,"name":"Shaded","section":"Shading Mode"},"sceneLighting":false,"audioPlay":false,"sceneViewState":{"showFog":true,"showMaterialUpdate":false,"showSkybox":false,"showFlares":true,"showImageEffects":true,"showParticleSystems":true},"in2DMode":false,"pivot":{"x":3.296705722808838,"y":1.0779242515563965,"z":1.332310438156128},"rotation":{"x":-0.025754325091838838,"y":-0.7523161172866821,"z":0.029689595103263856,"w":-0.6577721238136292},"size":7.019324779510498,"orthographic":false}