{"cameraMode":{"drawMode":0,"name":"Shaded","section":"Shading Mode"},"sceneLighting":false,"audioPlay":false,"sceneViewState":{"showFog":true,"showMaterialUpdate":false,"showSkybox":false,"showFlares":true,"showImageEffects":true,"showParticleSystems":true},"in2DMode":false,"pivot":{"x":3.4477550983428957,"y":1.4993503093719483,"z":-0.0528106689453125},"rotation":{"x":-0.016418570652604104,"y":-0.8198119401931763,"z":0.023672280833125116,"w":-0.5720793604850769},"size":7.019324779510498,"orthographic":false}