{"cameraMode":{"drawMode":0,"name":"Shaded","section":"Shading Mode"},"sceneLighting":false,"audioPlay":false,"sceneViewState":{"showFog":true,"showMaterialUpdate":false,"showSkybox":false,"showFlares":true,"showImageEffects":true,"showParticleSystems":true},"in2DMode":false,"pivot":{"x":0.048147641122341159,"y":-0.044256746768951419,"z":0.02580079436302185},"rotation":{"x":-0.0038415626622736456,"y":0.9042903184890747,"z":-0.4268268346786499,"w":-0.00813895184546709},"size":0.18367671966552735,"orthographic":false}