{"cameraMode":{"drawMode":0,"name":"Shaded","section":"Shading Mode"},"sceneLighting":false,"audioPlay":false,"sceneViewState":{"showFog":true,"showMaterialUpdate":false,"showSkybox":false,"showFlares":true,"showImageEffects":true,"showParticleSystems":true},"in2DMode":false,"pivot":{"x":0.11288632452487946,"y":0.6224031448364258,"z":-0.2317260503768921},"rotation":{"x":-0.07058211416006088,"y":0.07141965627670288,"z":-0.004976311232894659,"w":-0.995030403137207},"size":1.6825599670410157,"orthographic":false}