{"cameraMode":{"drawMode":0,"name":"Shaded","section":"Shading Mode"},"sceneLighting":true,"audioPlay":false,"sceneViewState":{"showFog":true,"showMaterialUpdate":false,"showSkybox":true,"showFlares":true,"showImageEffects":true,"showParticleSystems":true},"in2DMode":false,"pivot":{"x":20.49443817138672,"y":-1.4390246868133546,"z":-3.3497314453125},"rotation":{"x":0.08818766474723816,"y":0.9118856191635132,"z":-0.2778671979904175,"w":0.28906354308128359},"size":3.437375783920288,"orthographic":false}